"Individual","LID","geladintestivirus_1","geladintestivirus_2","geladintestivirus_3","geladintestivirus_4","geladintestivirus_5","geladintestivirus_6","gel_1_pres_10","gel_2_pres_10","gel_3_pres_10","gel_4_pres_10","gel_5_pres_10","gel_6_pres_10","SampleDate","SampleType","NbReads","Sex","AgeDay","AgeMonth","AgeYear","SampleMonth","SampleYear","Season","Humidity","Temp","Rain90","PairedSample","LID_PairedSample","richness.10","any_intest","wean_date","weaned","mat_date","dob","avg_wean","weaned2","plot_crass_10","dev_stage"
"CAS","LID_108310",0,13,0,0,0,16.4,0,1,0,0,0,1,"2017-08-29","adult",16380459,"F",5473,179.442623,14.99452055,8,2017,"ColdWet","Wet","Cold",1301.6,1,"LID_108304",2,1,2004-03-04,1,2007-04-18,2002-09-04,2004-03-04,3,"intestivirid","adult"
"CAS","LID_108307",0,0,0,20.7,0,0,0,0,0,1,0,0,"2017-10-03","adult",7612666,"F",5508,180.5901639,15.09041096,10,2017,"ColdDry","Dry","Cold",1077.7,1,"LID_108394",1,1,2004-03-04,1,2007-04-18,2002-09-04,2004-03-04,3,"intestivirid","adult"
"CAS","LID_105873",0,0,0,0,66.3,76.5,0,0,0,0,1,1,"2017-12-02","adult",9862665,"F",5568,182.557377,15.25479452,12,2017,"ColdDry","Dry","Cold",398.3,1,"LID_105871",2,1,2004-03-04,1,2007-04-18,2002-09-04,2004-03-04,3,"intestivirid","adult"
"CAS","LID_105994",0,0,0,0,0,0,0,0,0,0,0,0,"2018-04-02","adult",1318492,"F",5689,186.5245902,15.58630137,4,2018,"HotDry","Dry","Hot",21.8,1,"LID_106631",0,0,2004-03-04,1,2007-04-18,2002-09-04,2004-03-04,3,"no intestivirid","adult"
"CLU","LID_105866",0,0,0,0,0,0,0,0,0,0,0,0,"2018-05-30","infant",6188234,"M",25,0.819672131,0.068493151,5,2018,"HotDry","Dry","Hot",145.7,1,"LID_105982",0,0,NA,0,NA,2018-05-05,2019-11-05,1,"no intestivirid","unweaned"
"CLU","LID_106603",0,0,0,0,0,0,0,0,0,0,0,0,"2019-09-11","infant",51085785,"M",494,16.19672131,1.353424658,9,2019,"ColdWet","Wet","Cold",1080.17,0,NA,0,0,NA,0,NA,2018-05-05,2019-11-05,1,"no intestivirid","unweaned"
"CLU","LID_106269",0,12.2,0,0,0,0,0,1,0,0,0,0,"2018-11-12","infant",14903044,"M",191,6.262295082,0.523287671,11,2018,"ColdDry","Dry","Cold",688.5,1,"LID_105948",1,1,NA,0,NA,2018-05-05,2019-11-05,1,"intestivirid","unweaned"
"CLU","LID_105939",14.5,0,0,0,0,0,1,0,0,0,0,0,"2018-08-02","infant",22702793,"M",89,2.918032787,0.243835616,8,2018,"ColdWet","Wet","Cold",931.9,1,"LID_105990",1,1,NA,0,NA,2018-05-05,2019-11-05,1,"intestivirid","unweaned"
"CLU","LID_107891",0,0,0,0,0,0,0,0,0,0,0,0,"2019-04-04","infant",16762169,"M",334,10.95081967,0.915068493,4,2019,"HotDry","Dry","Hot",17.3,1,"LID_107896",0,0,NA,0,NA,2018-05-05,2019-11-05,1,"no intestivirid","unweaned"
"CLU","LID_106261",0,0,15.2,0,0,0,0,0,1,0,0,0,"2019-12-21","infant",8488418,"M",595,19.50819672,1.630136986,12,2019,"ColdDry","Dry","Cold",467.4809524,0,NA,1,1,NA,1,NA,2018-05-05,2019-11-05,2,"intestivirid","weaned"
"CLU","LID_106267",0,0,0,22.4,58.7,70.2,0,0,0,1,1,1,"2019-07-11","infant",13262479,"M",432,14.16393443,1.183561644,7,2019,"ColdWet","Wet","Cold",722.07,0,NA,3,1,NA,0,NA,2018-05-05,2019-11-05,1,"intestivirid","unweaned"
"CLU","LID_107898",0,0,0,0,0,0,0,0,0,0,0,0,"2020-03-07","infant",8905414,"M",672,22.03278689,1.84109589,3,2020,"HotDry","Dry","Hot",10.4,0,NA,0,0,NA,1,NA,2018-05-05,2019-11-05,2,"no intestivirid","weaned"
"CLU","LID_107895",0,0,0,0,0,0,0,0,0,0,0,0,"2019-06-18","infant",8117967,"M",409,13.40983607,1.120547945,6,2019,"ColdWet","Wet","Cold",505.6,0,NA,0,0,NA,0,NA,2018-05-05,2019-11-05,1,"no intestivirid","unweaned"
"CLU","LID_107899",0,0,19.1,0,0,0,0,0,1,0,0,0,"2019-05-03","infant",8145123,"M",363,11.90163934,0.994520548,5,2019,"HotDry","Dry","Hot",69.9,0,NA,1,1,NA,0,NA,2018-05-05,2019-11-05,1,"intestivirid","unweaned"
"COC","LID_105990",0,0,0,43.6,0,15.1,0,0,0,1,0,1,"2018-08-02","adult",6089926,"F",5280,173.1147541,14.46575342,8,2018,"ColdWet","Wet","Cold",931.9,1,"LID_105939",2,1,2005-08-17,1,2008-09-30,2004-02-17,2005-08-17,3,"intestivirid","adult"
"COC","LID_105982",0,97.3,0,0,0,0,0,1,0,0,0,0,"2018-05-30","adult",5568571,"F",5216,171.0163934,14.29041096,5,2018,"HotDry","Dry","Hot",145.7,1,"LID_105866",1,1,2005-08-17,1,2008-09-30,2004-02-17,2005-08-17,3,"intestivirid","adult"
"COC","LID_105948",0,0,0,0,35.5,46.1,0,0,0,0,1,1,"2018-11-12","adult",15610787,"F",5382,176.4590164,14.74520548,11,2018,"ColdDry","Dry","Cold",688.5,1,"LID_106269",2,1,2005-08-17,1,2008-09-30,2004-02-17,2005-08-17,3,"intestivirid","adult"
"COC","LID_107896",0,0,15.7,0,0,0,0,0,1,0,0,0,"2019-04-04","adult",9982644,"F",5525,181.147541,15.1369863,4,2019,"HotDry","Dry","Hot",17.3,1,"LID_107891",1,1,2005-08-17,1,2008-09-30,2004-02-17,2005-08-17,3,"intestivirid","adult"
"COU","LID_106002",12.9,23.2,0,11.3,0,12.7,1,1,0,1,0,1,"2018-06-02","infant",41671211,"F",766,25.1147541,2.098630137,6,2018,"ColdWet","Wet","Cold",235.1,0,NA,4,1,2017-10-27,1,2021-05-23,2016-04-27,2017-10-27,2,"intestivirid","weaned"
"COU","LID_108395",95.7,0,53,15,0,22.8,1,0,1,1,0,1,"2017-10-03","infant",10506686,"F",524,17.18032787,1.435616438,10,2017,"ColdDry","Dry","Cold",1077.7,0,NA,4,1,2017-10-27,0,2021-05-23,2016-04-27,2017-10-27,1,"intestivirid","unweaned"
"COU","LID_106263",0,0,0,0,0,0,0,0,0,0,0,0,"2019-11-09","infant",5425788,"F",1291,42.32786885,3.536986301,11,2019,"ColdDry","Dry","Cold",683.4666667,0,NA,0,0,2017-10-27,1,2021-05-23,2016-04-27,2017-10-27,2,"no intestivirid","weaned"
"COU","LID_105924",0,0,0,0,0,72.3,0,0,0,0,0,1,"2018-03-02","infant",10407335,"F",674,22.09836066,1.846575342,3,2018,"HotDry","Dry","Hot",2.2,0,NA,1,1,2017-10-27,1,2021-05-23,2016-04-27,2017-10-27,2,"intestivirid","weaned"
"COU","LID_108303",0,0,0,0,0,0,0,0,0,0,0,0,"2017-08-03","infant",9592573,"F",463,15.18032787,1.268493151,8,2017,"ColdWet","Wet","Cold",1030.9,0,NA,0,0,2017-10-27,0,2021-05-23,2016-04-27,2017-10-27,1,"no intestivirid","unweaned"
"COU","LID_106300",0,0,10.2,0,0,0,0,0,1,0,0,0,"2018-10-01","infant",8938288,"F",887,29.08196721,2.430136986,10,2018,"ColdDry","Dry","Cold",1093.9,0,NA,1,1,2017-10-27,1,2021-05-23,2016-04-27,2017-10-27,2,"intestivirid","weaned"
"COU","LID_106288",0,0,0,0,0,0,0,0,0,0,0,0,"2016-05-27","infant",1709062,"F",30,0.983606557,0.082191781,5,2016,"HotDry","Dry","Hot",333.5,0,NA,0,0,2017-10-27,0,2021-05-23,2016-04-27,2017-10-27,1,"no intestivirid","unweaned"
"COU","LID_105960",0,0,0,0,54.5,14.5,0,0,0,0,1,1,"2017-06-06","infant",8419972,"F",405,13.27868852,1.109589041,6,2017,"ColdWet","Wet","Cold",495.9,0,NA,2,1,2017-10-27,0,2021-05-23,2016-04-27,2017-10-27,1,"intestivirid","unweaned"
"COU","LID_108418",0,18.3,0,0,58.1,99.6,0,1,0,0,1,1,"2017-06-01","infant",11735321,"F",400,13.1147541,1.095890411,6,2017,"ColdWet","Wet","Cold",428.8,0,NA,3,1,2017-10-27,0,2021-05-23,2016-04-27,2017-10-27,1,"intestivirid","unweaned"
"COU","LID_105967",0,0,0,0,0,0,0,0,0,0,0,0,"2017-12-01","infant",8667976,"F",583,19.1147541,1.597260274,12,2017,"ColdDry","Dry","Cold",403.4,0,NA,0,0,2017-10-27,1,2021-05-23,2016-04-27,2017-10-27,2,"no intestivirid","weaned"
"COW","LID_106285",96.2,99.1,0,0,0,0,1,1,0,0,0,0,"2018-07-03","infant",11650083,"F",458,15.01639344,1.254794521,7,2018,"ColdWet","Wet","Cold",509.3,0,NA,2,1,2018-10-01,0,2022-03-21,2017-04-01,2018-10-01,1,"intestivirid","unweaned"
"COW","LID_105979",0,75.7,0,12.9,0,0,0,1,0,1,0,0,"2018-02-05","infant",11941469,"F",310,10.16393443,0.849315068,2,2018,"HotDry","Dry","Hot",21.8,0,NA,2,1,2018-10-01,0,2022-03-21,2017-04-01,2018-10-01,1,"intestivirid","unweaned"
"COW","LID_106611",0,0,30.2,0,0,0,0,0,1,0,0,0,"2018-09-03","infant",16932539,"F",520,17.04918033,1.424657534,9,2018,"ColdWet","Wet","Cold",1204.5,0,NA,1,1,2018-10-01,0,2022-03-21,2017-04-01,2018-10-01,1,"intestivirid","unweaned"
"COW","LID_105871",100,0,0,0,0,0,1,0,0,0,0,0,"2017-12-02","infant",7589399,"F",245,8.032786885,0.671232877,12,2017,"ColdDry","Dry","Cold",398.3,1,"LID_105873",1,1,2018-10-01,0,2022-03-21,2017-04-01,2018-10-01,1,"intestivirid","unweaned"
"COW","LID_106631",0,0,0,0,0,0,0,0,0,0,0,0,"2018-04-02","infant",8302237,"F",366,12,1.002739726,4,2018,"HotDry","Dry","Hot",21.8,1,"LID_105994",0,0,2018-10-01,0,2022-03-21,2017-04-01,2018-10-01,1,"no intestivirid","unweaned"
"COW","LID_106632",76.2,0,53.7,14.5,0,0,1,0,1,1,0,0,"2019-09-24","infant",36246484,"F",906,29.70491803,2.482191781,9,2019,"ColdWet","Wet","Cold",1067.5,0,NA,3,1,2018-10-01,1,2022-03-21,2017-04-01,2018-10-01,2,"intestivirid","weaned"
"COW","LID_106272",0,0,0,0,34.4,0,0,0,0,0,1,0,"2018-11-12","infant",6621232,"F",590,19.3442623,1.616438356,11,2018,"ColdDry","Dry","Cold",688.5,0,NA,1,1,2018-10-01,1,2022-03-21,2017-04-01,2018-10-01,2,"intestivirid","weaned"
"COW","LID_108304",0,0,0,85.9,0,0,0,0,0,1,0,0,"2017-08-29","infant",5655089,"F",150,4.918032787,0.410958904,8,2017,"ColdWet","Wet","Cold",1301.6,1,"LID_108310",1,1,2018-10-01,0,2022-03-21,2017-04-01,2018-10-01,1,"intestivirid","unweaned"
"COW","LID_108394",0,0,0,0,0,0,0,0,0,0,0,0,"2017-10-03","infant",9197987,"F",185,6.06557377,0.506849315,10,2017,"ColdDry","Dry","Cold",1077.7,1,"LID_108307",0,0,2018-10-01,0,2022-03-21,2017-04-01,2018-10-01,1,"no intestivirid","unweaned"
"COW","LID_107901",0,0,20,0,0,0,0,0,1,0,0,0,"2019-04-04","infant",13866037,"F",733,24.03278689,2.008219178,4,2019,"HotDry","Dry","Hot",17.3,0,NA,1,1,2018-10-01,1,2022-03-21,2017-04-01,2018-10-01,2,"intestivirid","weaned"
"CRY","LID_106298",0,33.6,0,0,0,0,0,1,0,0,0,0,"2017-06-05","infant",9277250,"F",454,14.8852459,1.243835616,6,2017,"ColdWet","Wet","Cold",488.7,0,NA,1,1,2017-09-08,0,2021-05-23,2016-03-08,2017-09-08,1,"intestivirid","unweaned"
"CRY","LID_105999",0,0,0,0,0,14.6,0,0,0,0,0,1,"2018-06-02","infant",5065967,"F",816,26.75409836,2.235616438,6,2018,"ColdWet","Wet","Cold",235.1,0,NA,1,1,2017-09-08,1,2021-05-23,2016-03-08,2017-09-08,2,"intestivirid","weaned"
"CRY","LID_106628",0,0,0,0,0,0,0,0,0,0,0,0,"2016-03-10","infant",6131618,"F",2,0.06557377,0.005479452,3,2016,"HotDry","Dry","Hot",26.1,0,NA,0,0,2017-09-08,0,2021-05-23,2016-03-08,2017-09-08,1,"no intestivirid","unweaned"
"CRY","LID_108298",0,27.6,0,0,0,0,0,1,0,0,0,0,"2017-06-29","infant",6429360,"F",478,15.67213115,1.309589041,6,2017,"ColdWet","Wet","Cold",693.5,0,NA,1,1,2017-09-08,0,2021-05-23,2016-03-08,2017-09-08,1,"intestivirid","unweaned"
"CRY","LID_106624",0,0,0,0,16.2,17.1,0,0,0,0,1,1,"2019-08-20","infant",17571766,"F",1260,41.31147541,3.452054795,8,2019,"ColdWet","Wet","Cold",1168.17,0,NA,2,1,2017-09-08,1,2021-05-23,2016-03-08,2017-09-08,2,"intestivirid","weaned"
"CRY","LID_106622",0,100,21.5,16,0,0,0,1,1,1,0,0,"2018-03-03","infant",22626102,"F",725,23.7704918,1.98630137,3,2018,"HotDry","Dry","Hot",2.2,0,NA,3,1,2017-09-08,1,2021-05-23,2016-03-08,2017-09-08,2,"intestivirid","weaned"
"CRY","LID_106010",0,0,23.2,0,14.9,12.2,0,0,1,0,1,1,"2017-12-02","infant",11186099,"F",634,20.78688525,1.736986301,12,2017,"ColdDry","Dry","Cold",398.3,0,NA,3,1,2017-09-08,1,2021-05-23,2016-03-08,2017-09-08,2,"intestivirid","weaned"
"CRY","LID_107904",0,0,22.3,20.3,19,15.2,0,0,1,1,1,1,"2019-02-06","infant",41369147,"F",1065,34.91803279,2.917808219,2,2019,"HotDry","Dry","Hot",57.4,0,NA,4,1,2017-09-08,1,2021-05-23,2016-03-08,2017-09-08,2,"intestivirid","weaned"
"CRY","LID_106295",0,0,0,0,0,0,0,0,0,0,0,0,"2018-09-03","infant",5022169,"F",909,29.80327869,2.490410959,9,2018,"ColdWet","Wet","Cold",1204.5,0,NA,0,0,2017-09-08,1,2021-05-23,2016-03-08,2017-09-08,2,"no intestivirid","weaned"
"CYR","LID_108396",34.9,15.3,0,0,79.2,73.4,1,1,0,0,1,1,"2017-10-03","infant",11242574,"M",625,20.49180328,1.712328767,10,2017,"ColdDry","Dry","Cold",1077.7,0,NA,4,1,2017-03-30,1,NA,2016-01-17,2017-07-17,2,"intestivirid","weaned"
"CYR","LID_106602",0,0,0,0,0,0,0,0,0,0,0,0,"2016-05-31","infant",29444203,"M",135,4.426229508,0.369863014,5,2016,"HotDry","Dry","Hot",353.3,0,NA,0,0,2017-03-30,0,NA,2016-01-17,2017-07-17,1,"no intestivirid","unweaned"
"CYR","LID_105996",0,14.1,0,0,10.7,24.5,0,1,0,0,1,1,"2018-08-02","infant",12751002,"M",928,30.42622951,2.542465753,8,2018,"ColdWet","Wet","Cold",931.9,0,NA,3,1,2017-03-30,1,NA,2016-01-17,2017-07-17,2,"intestivirid","weaned"
"CYR","LID_108393",0,0,16.3,0,27.2,23.4,0,0,1,0,1,1,"2017-08-02","infant",25233932,"M",563,18.45901639,1.542465753,8,2017,"ColdWet","Wet","Cold",1028.5,0,NA,3,1,2017-03-30,1,NA,2016-01-17,2017-07-17,2,"intestivirid","weaned"
"CYR","LID_106268",0,0,0,0,0,97.7,0,0,0,0,0,1,"2019-07-05","infant",9368938,"M",1265,41.47540984,3.465753425,7,2019,"ColdWet","Wet","Cold",608.37,0,NA,1,1,2017-03-30,1,NA,2016-01-17,2017-07-17,2,"intestivirid","weaned"
"CYR","LID_105961",0,0,0,15.1,0,0,0,0,0,1,0,0,"2017-06-06","infant",25320753,"M",506,16.59016393,1.38630137,6,2017,"ColdWet","Wet","Cold",495.9,0,NA,1,1,2017-03-30,1,NA,2016-01-17,2017-07-17,2,"intestivirid","weaned"
"CYR","LID_105959",0,0,0,0,83.5,17.5,0,0,0,0,1,1,"2018-02-05","infant",7177810,"M",750,24.59016393,2.054794521,2,2018,"HotDry","Dry","Hot",21.8,0,NA,2,1,2017-03-30,1,NA,2016-01-17,2017-07-17,2,"intestivirid","weaned"
"CYR","LID_105964",0,0,14,0,0,0,0,0,1,0,0,0,"2017-12-01","infant",8249744,"M",684,22.42622951,1.873972603,12,2017,"ColdDry","Dry","Cold",403.4,0,NA,1,1,2017-03-30,1,NA,2016-01-17,2017-07-17,2,"intestivirid","weaned"
"CYR","LID_106591",0,0,0,0,0,0,0,0,0,0,0,0,"2018-05-02","infant",14105406,"M",836,27.40983607,2.290410959,5,2018,"HotDry","Dry","Hot",63.1,0,NA,0,0,2017-03-30,1,NA,2016-01-17,2017-07-17,2,"no intestivirid","weaned"
"CYR","LID_106291",0,0,0,0,0,0,0,0,0,0,0,0,"2016-03-22","infant",17900303,"M",65,2.131147541,0.178082192,3,2016,"HotDry","Dry","Hot",65.5,0,NA,0,0,2017-03-30,0,NA,2016-01-17,2017-07-17,1,"no intestivirid","unweaned"
"DAS","LID_108408",0,0,0,0,16.1,23.2,0,0,0,0,1,1,"2017-08-09","infant",16254837,"F",593,19.44262295,1.624657534,8,2017,"ColdWet","Wet","Cold",1139.2,0,NA,2,1,2017-02-17,1,2020-09-12,2015-12-25,2017-06-25,2,"intestivirid","weaned"
"DAS","LID_106259",0,12.4,0,0,0,0,0,1,0,0,0,0,"2018-11-13","infant",13959275,"F",1054,34.55737705,2.887671233,11,2018,"ColdDry","Dry","Cold",678,0,NA,1,1,2017-02-17,1,2020-09-12,2015-12-25,2017-06-25,2,"intestivirid","weaned"
"DAS","LID_107893",15.9,0,0,0,0,0,1,0,0,0,0,0,"2019-06-06","infant",10406214,"F",1259,41.27868852,3.449315068,6,2019,"ColdWet","Wet","Cold",274.8,0,NA,1,1,2017-02-17,1,2020-09-12,2015-12-25,2017-06-25,2,"intestivirid","weaned"
"DAS","LID_108287",0,0,0,0,16.5,25,0,0,0,0,1,1,"2017-06-16","infant",10749494,"F",539,17.67213115,1.476712329,6,2017,"ColdWet","Wet","Cold",597,0,NA,2,1,2017-02-17,1,2020-09-12,2015-12-25,2017-06-25,2,"intestivirid","weaned"
"DAS","LID_105984",0,0,15.2,97.7,0,0,0,0,1,1,0,0,"2017-11-03","infant",9024682,"F",679,22.26229508,1.860273973,11,2017,"ColdDry","Dry","Cold",864.5,0,NA,2,1,2017-02-17,1,2020-09-12,2015-12-25,2017-06-25,2,"intestivirid","weaned"
"DAS","LID_105872",0,0,0,0,0,0,0,0,0,0,0,0,"2016-06-01","infant",12118097,"F",159,5.213114754,0.435616438,6,2016,"ColdWet","Wet","Cold",356.5,1,"LID_105988",0,0,2017-02-17,0,2020-09-12,2015-12-25,2017-06-25,1,"no intestivirid","unweaned"
"DAS","LID_105944",0,0,0,16.1,17.1,0,0,0,0,1,1,0,"2018-06-02","infant",21068509,"F",890,29.18032787,2.438356164,6,2018,"ColdWet","Wet","Cold",235.1,0,NA,2,1,2017-02-17,1,2020-09-12,2015-12-25,2017-06-25,2,"intestivirid","weaned"
"DAS","LID_108407",0,19.5,0,0,0,0,0,1,0,0,0,0,"2016-02-29","infant",14486906,"F",66,2.163934426,0.180821918,2,2016,"HotDry","Dry","Hot",37.7,0,NA,1,1,2017-02-17,0,2020-09-12,2015-12-25,2017-06-25,1,"intestivirid","unweaned"
"DAS","LID_108404",28.8,11.3,12.4,14.3,0,0,1,1,1,1,0,0,"2017-10-09","infant",28559592,"F",654,21.44262295,1.791780822,10,2017,"ColdDry","Dry","Cold",1058.5,0,NA,4,1,2017-02-17,1,2020-09-12,2015-12-25,2017-06-25,2,"intestivirid","weaned"
"DAS","LID_108419",0,0,0,0,0,0,0,0,0,0,0,0,"2016-04-06","infant",7918958,"F",103,3.37704918,0.282191781,4,2016,"HotDry","Dry","Hot",64.4,1,"LID_106636",0,0,2017-02-17,0,2020-09-12,2015-12-25,2017-06-25,1,"no intestivirid","unweaned"
"DAX","LID_106001",0,28.1,21.5,0,0,0,0,1,1,0,0,0,"2018-03-28","adult",11143122,"M",3703,121.4098361,10.14520548,3,2018,"HotDry","Dry","Hot",5.2,0,NA,2,1,NA,1,NA,2008-02-06,2009-08-06,3,"intestivirid","adult"
"DDA","LID_107892",0,0,0,0,0,0,0,0,0,0,0,0,"2020-01-07","infant",6985428,"M",1310,42.95081967,3.589041096,1,2020,"ColdDry","Dry","Cold",383.4166667,0,NA,0,0,2017-02-21,1,NA,2016-06-06,2017-12-06,2,"no intestivirid","weaned"
"DDA","LID_108425",0,0,0,0,0,0,0,0,0,0,0,0,"2017-10-03","infant",14499216,"M",484,15.86885246,1.326027397,10,2017,"ColdDry","Dry","Cold",1077.7,0,NA,0,0,2017-02-21,1,NA,2016-06-06,2017-12-06,2,"no intestivirid","weaned"
"DDA","LID_105993",0,93.2,0,0,0,0,0,1,0,0,0,0,"2018-01-01","infant",10404790,"M",574,18.81967213,1.57260274,1,2018,"ColdDry","Dry","Cold",273.8,0,NA,1,1,2017-02-21,1,NA,2016-06-06,2017-12-06,2,"intestivirid","weaned"
"DDA","LID_105926",0,14.3,22.2,0,0,0,0,1,1,0,0,0,"2018-06-01","infant",23524021,"M",725,23.7704918,1.98630137,6,2018,"ColdWet","Wet","Cold",195.1,0,NA,2,1,2017-02-21,1,NA,2016-06-06,2017-12-06,2,"intestivirid","weaned"
"DDA","LID_106282",0,0,0,0,0,0,0,0,0,0,0,0,"2017-06-12","infant",10093584,"M",371,12.16393443,1.016438356,6,2017,"ColdWet","Wet","Cold",529.1,0,NA,0,0,2017-02-21,1,NA,2016-06-06,2017-12-06,2,"no intestivirid","weaned"
"DDA","LID_106608",0,0,0,0,0,0,0,0,0,0,0,0,"2018-09-07","infant",7060825,"M",823,26.98360656,2.254794521,9,2018,"ColdWet","Wet","Cold",1198.2,0,NA,0,0,2017-02-21,1,NA,2016-06-06,2017-12-06,2,"no intestivirid","weaned"
"DDA","LID_105953",0,0,0,0,0,0,0,0,0,0,0,0,"2017-11-22","infant",8044026,"M",534,17.50819672,1.463013699,11,2017,"ColdDry","Dry","Cold",593.4,0,NA,0,0,2017-02-21,1,NA,2016-06-06,2017-12-06,2,"no intestivirid","weaned"
"DDA","LID_105937",0,66.3,27.9,0,11.6,12.3,0,1,1,0,1,1,"2019-01-03","infant",15524521,"M",941,30.85245902,2.578082192,1,2019,"ColdDry","Dry","Cold",220.9,0,NA,4,1,2017-02-21,1,NA,2016-06-06,2017-12-06,2,"intestivirid","weaned"
"DDA","LID_107903",0,98.9,0,0,0,11.7,0,1,0,0,0,1,"2019-05-08","infant",16874508,"M",1066,34.95081967,2.920547945,5,2019,"HotDry","Dry","Hot",70.4,0,NA,2,1,2017-02-21,1,NA,2016-06-06,2017-12-06,2,"intestivirid","weaned"
"DDA","LID_106635",0,11.8,100,27.1,0,0,0,1,1,1,0,0,"2017-06-02","infant",15208843,"M",361,11.83606557,0.989041096,6,2017,"ColdWet","Wet","Cold",428.8,0,NA,3,1,2017-02-21,1,NA,2016-06-06,2017-12-06,2,"intestivirid","weaned"
"DEA","LID_108297",0,0,0,0,0,0,0,0,0,0,0,0,"2016-04-28","infant",7876398,"M",10,0.327868852,0.02739726,4,2016,"HotDry","Dry","Hot",83.9,0,NA,0,0,2017-02-24,0,NA,2016-04-18,2017-10-18,1,"no intestivirid","unweaned"
"DEA","LID_108311",0,11.9,44.6,82.1,0,14,0,1,1,1,0,1,"2017-10-02","infant",6833568,"M",532,17.44262295,1.457534247,10,2017,"ColdDry","Dry","Cold",1086.6,0,NA,4,1,2017-02-24,1,NA,2016-04-18,2017-10-18,2,"intestivirid","weaned"
"DEA","LID_105867",42.1,0,21.8,0,0,0,1,0,1,0,0,0,"2017-11-06","infant",7105889,"M",567,18.59016393,1.553424658,11,2017,"ColdDry","Dry","Cold",856.9,0,NA,2,1,2017-02-24,1,NA,2016-04-18,2017-10-18,2,"intestivirid","weaned"
"DEA","LID_108414",0,0,0,0,0,0,0,0,0,0,0,0,"2016-06-20","infant",3740244,"M",63,2.06557377,0.17260274,6,2016,"ColdWet","Wet","Cold",488.2,0,NA,0,0,2017-02-24,0,NA,2016-04-18,2017-10-18,1,"no intestivirid","unweaned"
"DEA","LID_106003",0,16.5,24.6,31.2,0,0,0,1,1,1,0,0,"2018-11-09","infant",26561939,"M",935,30.6557377,2.561643836,11,2018,"ColdDry","Dry","Cold",711,0,NA,3,1,2017-02-24,1,NA,2016-04-18,2017-10-18,2,"intestivirid","weaned"
"DEA","LID_106302",0,15.2,31.8,0,10,0,0,1,1,0,1,0,"2017-06-02","infant",8188190,"M",410,13.44262295,1.123287671,6,2017,"ColdWet","Wet","Cold",428.8,0,NA,3,1,2017-02-24,1,NA,2016-04-18,2017-10-18,2,"intestivirid","weaned"
"DEA","LID_106617",0,0,21.8,0,48.3,66.6,0,0,1,0,1,1,"2019-10-22","infant",29687495,"M",1282,42.03278689,3.512328767,10,2019,"ColdDry","Dry","Cold",920.9833333,0,NA,3,1,2017-02-24,1,NA,2016-04-18,2017-10-18,2,"intestivirid","weaned"
"DEA","LID_106256",0,0,10.9,0,0,0,0,0,1,0,0,0,"2017-05-24","infant",11897741,"M",401,13.14754098,1.098630137,5,2017,"HotDry","Dry","Hot",351.2,0,NA,1,1,2017-02-24,1,NA,2016-04-18,2017-10-18,2,"intestivirid","weaned"
"DEA","LID_105966",0,30.9,0,0,0,0,0,1,0,0,0,0,"2018-06-04","infant",9216405,"M",777,25.47540984,2.128767123,6,2018,"ColdWet","Wet","Cold",252.6,0,NA,1,1,2017-02-24,1,NA,2016-04-18,2017-10-18,2,"intestivirid","weaned"
"DIA","LID_105988",0,82.1,0,0,0,0,0,1,0,0,0,0,"2016-06-01","adult",10831603,"F",3295,108.0327869,9.02739726,6,2016,"ColdWet","Wet","Cold",356.5,1,"LID_105872",1,1,2008-06-17,1,2011-10-18,2007-05-25,2008-11-25,3,"intestivirid","adult"
"DIA","LID_106636",0,0,0,0,47.9,0,0,0,0,0,1,0,"2016-04-06","adult",8971671,"F",3239,106.1967213,8.873972603,4,2016,"HotDry","Dry","Hot",64.4,1,"LID_108419",1,1,2008-06-17,1,2011-10-18,2007-05-25,2008-11-25,3,"intestivirid","adult"
"DIX","LID_106612",91.6,0,16.8,20.8,0,0,1,0,1,1,0,0,"2016-04-11","adult",25471723,"F",2644,86.68852459,7.243835616,4,2016,"HotDry","Dry","Hot",64.4,1,"LID_106620",3,1,2010-04-21,1,2015-03-09,2009-01-14,2010-07-14,3,"intestivirid","adult"
"DIX","LID_106007",22.6,0,0,0,0,0,1,0,0,0,0,0,"2016-06-07","adult",17167864,"F",2701,88.55737705,7.4,6,2016,"ColdWet","Wet","Cold",387.8,1,"LID_107883",1,1,2010-04-21,1,2015-03-09,2009-01-14,2010-07-14,3,"intestivirid","adult"
"DRP","LID_108288",14.8,0,0,0,0,0,1,0,0,0,0,0,"2016-04-06","infant",17669394,"M",32,1.049180328,0.087671233,4,2016,"HotDry","Dry","Hot",64.4,0,NA,1,1,2017-02-27,0,NA,2016-03-05,2017-09-05,1,"intestivirid","unweaned"
"DRP","LID_108399",0,17.4,55.6,16.3,0,0,0,1,1,1,0,0,"2017-06-05","infant",11227935,"M",457,14.98360656,1.252054795,6,2017,"ColdWet","Wet","Cold",488.7,0,NA,3,1,2017-02-27,1,NA,2016-03-05,2017-09-05,2,"intestivirid","weaned"
"DRP","LID_106604",15.1,12.2,0,0,22.9,42.6,1,1,0,0,1,1,"2018-09-10","infant",34513345,"M",919,30.13114754,2.517808219,9,2018,"ColdWet","Wet","Cold",1209.1,0,NA,4,1,2017-02-27,1,NA,2016-03-05,2017-09-05,2,"intestivirid","weaned"
"DRP","LID_108403",0,19.2,99.5,62.2,0,16,0,1,1,1,0,1,"2017-10-03","infant",31646435,"M",577,18.91803279,1.580821918,10,2017,"ColdDry","Dry","Cold",1077.7,0,NA,4,1,2017-02-27,1,NA,2016-03-05,2017-09-05,2,"intestivirid","weaned"
"DRP","LID_106011",0,0,0,0,0,0,0,0,0,0,0,0,"2016-06-01","infant",14723564,"M",88,2.885245902,0.24109589,6,2016,"ColdWet","Wet","Cold",356.5,0,NA,0,0,2017-02-27,0,NA,2016-03-05,2017-09-05,1,"no intestivirid","unweaned"
"DRP","LID_108413",0,0,0,0,0,0,0,0,0,0,0,0,"2016-05-16","infant",13696315,"M",72,2.360655738,0.197260274,5,2016,"HotDry","Dry","Hot",278.7,0,NA,0,0,2017-02-27,0,NA,2016-03-05,2017-09-05,1,"no intestivirid","unweaned"
"DRP","LID_108400",0,0,0,0,0,0,0,0,0,0,0,0,"2017-08-09","infant",10980598,"M",522,17.1147541,1.430136986,8,2017,"ColdWet","Wet","Cold",1139.2,0,NA,0,0,2017-02-27,1,NA,2016-03-05,2017-09-05,2,"no intestivirid","weaned"
"DRP","LID_105930",0,0,0,22.1,56,64.1,0,0,0,1,1,1,"2017-11-06","infant",7123192,"M",611,20.03278689,1.673972603,11,2017,"ColdDry","Dry","Cold",856.9,0,NA,3,1,2017-02-27,1,NA,2016-03-05,2017-09-05,2,"intestivirid","weaned"
"DRP","LID_106618",82,0,0,0,0,0,1,0,0,0,0,0,"2019-09-07","infant",15590580,"M",1281,42,3.509589041,9,2019,"ColdWet","Wet","Cold",1197.47,0,NA,1,1,2017-02-27,1,NA,2016-03-05,2017-09-05,2,"intestivirid","weaned"
"DRP","LID_106597",0,0,0,0,0,0,0,0,0,0,0,0,"2018-04-02","infant",12882085,"M",758,24.85245902,2.076712329,4,2018,"HotDry","Dry","Hot",21.8,0,NA,0,0,2017-02-27,1,NA,2016-03-05,2017-09-05,2,"no intestivirid","weaned"
"DUC","LID_106620",0,0,0,0,0,0,0,0,0,0,0,0,"2016-04-11","infant",9912851,"F",46,1.508196721,0.126027397,4,2016,"HotDry","Dry","Hot",64.4,1,"LID_106612",0,0,2017-02-17,0,2020-11-24,2016-02-25,2017-08-25,1,"no intestivirid","unweaned"
"DUC","LID_106004",0,0,0,0,10.1,36.2,0,0,0,0,1,1,"2018-09-07","infant",14881680,"F",925,30.32786885,2.534246575,9,2018,"ColdWet","Wet","Cold",1198.2,0,NA,2,1,2017-02-17,1,2020-11-24,2016-02-25,2017-08-25,2,"intestivirid","weaned"
"DUC","LID_108421",0,0,77.4,17.5,0,0,0,0,1,1,0,0,"2016-04-19","infant",10772705,"F",54,1.770491803,0.147945205,4,2016,"HotDry","Dry","Hot",65.9,0,NA,2,1,2017-02-17,0,2020-11-24,2016-02-25,2017-08-25,1,"intestivirid","unweaned"
"DUC","LID_108409",55,16.9,72.6,85.2,13.1,18.4,1,1,1,1,1,1,"2017-10-03","infant",21321895,"F",586,19.21311475,1.605479452,10,2017,"ColdDry","Dry","Cold",1077.7,0,NA,6,1,2017-02-17,1,2020-11-24,2016-02-25,2017-08-25,2,"intestivirid","weaned"
"DUC","LID_106600",0,0,0,0,0,0,0,0,0,0,0,0,"2018-04-02","infant",15005122,"F",767,25.14754098,2.101369863,4,2018,"HotDry","Dry","Hot",21.8,0,NA,0,0,2017-02-17,1,2020-11-24,2016-02-25,2017-08-25,2,"no intestivirid","weaned"
"DUC","LID_106257",0,0,95.5,14.6,0,0,0,0,1,1,0,0,"2017-06-02","infant",5510202,"F",463,15.18032787,1.268493151,6,2017,"ColdWet","Wet","Cold",428.8,0,NA,2,1,2017-02-17,1,2020-11-24,2016-02-25,2017-08-25,2,"intestivirid","weaned"
"DUC","LID_106262",0,10.5,78,24.2,54.1,13.4,0,1,1,1,1,1,"2019-07-31","infant",17378731,"F",1252,41.04918033,3.430136986,7,2019,"ColdWet","Wet","Cold",923.77,0,NA,5,1,2017-02-17,1,2020-11-24,2016-02-25,2017-08-25,2,"intestivirid","weaned"
"DUC","LID_105929",0,13.1,73.3,21.8,20.6,0,0,1,1,1,1,0,"2017-11-03","infant",11778374,"F",617,20.2295082,1.690410959,11,2017,"ColdDry","Dry","Cold",864.5,0,NA,4,1,2017-02-17,1,2020-11-24,2016-02-25,2017-08-25,2,"intestivirid","weaned"
"DUC","LID_108301",0,13.7,82.7,17.4,14.1,80.1,0,1,1,1,1,1,"2017-08-03","infant",13509185,"F",525,17.21311475,1.438356164,8,2017,"ColdWet","Wet","Cold",1030.9,0,NA,5,1,2017-02-17,1,2020-11-24,2016-02-25,2017-08-25,2,"intestivirid","weaned"
"DUC","LID_107883",0,0,0,0,0,0,0,0,0,0,0,0,"2016-06-07","infant",12219821,"F",103,3.37704918,0.282191781,6,2016,"ColdWet","Wet","Cold",387.8,1,"LID_106007",0,0,2017-02-17,0,2020-11-24,2016-02-25,2017-08-25,1,"no intestivirid","unweaned"
"DUK","LID_106299",0,0,0,0,0,0,0,0,0,0,0,0,"2017-06-02","infant",12793867,"M",431,14.13114754,1.180821918,6,2017,"ColdWet","Wet","Cold",428.8,0,NA,0,0,2017-02-27,1,NA,2016-03-28,2017-09-28,2,"no intestivirid","weaned"
"DUK","LID_108306",0,0,0,0,0,0,0,0,0,0,0,0,"2017-07-28","infant",6086341,"M",487,15.96721311,1.334246575,7,2017,"ColdWet","Wet","Cold",1005.3,0,NA,0,0,2017-02-27,1,NA,2016-03-28,2017-09-28,2,"no intestivirid","weaned"
"DUK","LID_108424",0,0,0,0,0,0,0,0,0,0,0,0,"2017-10-19","infant",9576958,"M",570,18.68852459,1.561643836,10,2017,"ColdDry","Dry","Cold",1040.35,0,NA,0,0,2017-02-27,1,NA,2016-03-28,2017-09-28,2,"no intestivirid","weaned"
"DUK","LID_106609",28,0,11.6,0,13.5,99.3,1,0,1,0,1,1,"2018-10-01","infant",25083570,"M",917,30.06557377,2.512328767,10,2018,"ColdDry","Dry","Cold",1093.9,0,NA,4,1,2017-02-27,1,NA,2016-03-28,2017-09-28,2,"intestivirid","weaned"
"DUK","LID_107897",0,0,0,0,0,0,0,0,0,0,0,0,"2019-03-05","infant",6767555,"M",1072,35.14754098,2.936986301,3,2019,"HotDry","Dry","Hot",9.4,0,NA,0,0,2017-02-27,1,NA,2016-03-28,2017-09-28,2,"no intestivirid","weaned"
"DUK","LID_106255",20.3,0,23,12.4,0,17.4,1,0,1,1,0,1,"2017-06-16","infant",31323559,"M",445,14.59016393,1.219178082,6,2017,"ColdWet","Wet","Cold",597,0,NA,4,1,2017-02-27,1,NA,2016-03-28,2017-09-28,2,"intestivirid","weaned"
"DUK","LID_108423",0,0,13.7,0,0,0,0,0,1,0,0,0,"2018-05-01","infant",8066716,"M",764,25.04918033,2.093150685,5,2018,"HotDry","Dry","Hot",63.1,0,NA,1,1,2017-02-27,1,NA,2016-03-28,2017-09-28,2,"intestivirid","weaned"
"DUK","LID_105950",0,0,96.3,34.7,0,14.6,0,0,1,1,0,1,"2017-10-11","infant",11662743,"M",562,18.42622951,1.539726027,10,2017,"ColdDry","Dry","Cold",1044.3,0,NA,3,1,2017-02-27,1,NA,2016-03-28,2017-09-28,2,"intestivirid","weaned"
"DUK","LID_105989",0,21.1,0,0,0,0,0,1,0,0,0,0,"2017-12-07","infant",15882710,"M",619,20.29508197,1.695890411,12,2017,"ColdDry","Dry","Cold",379.6,0,NA,1,1,2017-02-27,1,NA,2016-03-28,2017-09-28,2,"intestivirid","weaned"
"DUK","LID_107881",0,0,19.9,0,29.8,0,0,0,1,0,1,0,"2019-09-06","infant",3549432,"M",1257,41.21311475,3.443835616,9,2019,"ColdWet","Wet","Cold",1205.57,0,NA,2,1,2017-02-27,1,NA,2016-03-28,2017-09-28,2,"intestivirid","weaned"
"DUS","LID_106301",0,0,0,0,0,0,0,0,0,0,0,0,"2016-04-28","infant",7341403,"M",62,2.032786885,0.169863014,4,2016,"HotDry","Dry","Hot",83.9,0,NA,0,0,2017-02-17,0,NA,2016-02-26,2017-08-26,1,"no intestivirid","unweaned"
"DUS","LID_108422",0,0,0,0,0,17.1,0,0,0,0,0,1,"2016-04-06","infant",13573197,"M",40,1.31147541,0.109589041,4,2016,"HotDry","Dry","Hot",64.4,0,NA,1,1,2017-02-17,0,NA,2016-02-26,2017-08-26,1,"intestivirid","unweaned"
"DUS","LID_106006",0,12.2,0,0,0,0,0,1,0,0,0,0,"2018-04-02","infant",8447652,"M",766,25.1147541,2.098630137,4,2018,"HotDry","Dry","Hot",21.8,0,NA,1,1,2017-02-17,1,NA,2016-02-26,2017-08-26,2,"intestivirid","weaned"
"DUS","LID_107885",0,11.7,0,0,14.1,26.1,0,1,0,0,1,1,"2018-02-06","infant",14295503,"M",711,23.31147541,1.947945205,2,2018,"HotDry","Dry","Hot",12,0,NA,3,1,2017-02-17,1,NA,2016-02-26,2017-08-26,2,"intestivirid","weaned"
"DUS","LID_108405",0,0,0,0,0,0,0,0,0,0,0,0,"2017-06-05","infant",16631992,"M",465,15.24590164,1.273972603,6,2017,"ColdWet","Wet","Cold",488.7,0,NA,0,0,2017-02-17,1,NA,2016-02-26,2017-08-26,2,"no intestivirid","weaned"
"DUS","LID_105968",0,0,22.4,0,12.6,19.9,0,0,1,0,1,1,"2017-12-02","infant",4736214,"M",645,21.14754098,1.767123288,12,2017,"ColdDry","Dry","Cold",398.3,0,NA,3,1,2017-02-17,1,NA,2016-02-26,2017-08-26,2,"intestivirid","weaned"
"DUS","LID_108402",18.9,15.6,0,0,60.5,70.9,1,1,0,0,1,1,"2017-08-09","infant",17097805,"M",530,17.37704918,1.452054795,8,2017,"ColdWet","Wet","Cold",1139.2,0,NA,4,1,2017-02-17,1,NA,2016-02-26,2017-08-26,2,"intestivirid","weaned"
"DUS","LID_106279",0,13.2,0,37.8,0,0,0,1,0,1,0,0,"2017-10-20","infant",8677241,"M",602,19.73770492,1.649315068,10,2017,"ColdDry","Dry","Cold",1056.6,0,NA,2,1,2017-02-17,1,NA,2016-02-26,2017-08-26,2,"intestivirid","weaned"
"DUS","LID_106614",0,0,11.5,26,12.4,19.3,0,0,1,1,1,1,"2018-09-12","infant",24637130,"M",929,30.45901639,2.545205479,9,2018,"ColdWet","Wet","Cold",1200.5,0,NA,4,1,2017-02-17,1,NA,2016-02-26,2017-08-26,2,"intestivirid","weaned"
"DUS","LID_107890",0,0,0,0,0,0,0,0,0,0,0,0,"2019-06-06","infant",10018936,"M",1196,39.21311475,3.276712329,6,2019,"ColdWet","Wet","Cold",274.8,0,NA,0,0,2017-02-17,1,NA,2016-02-26,2017-08-26,2,"no intestivirid","weaned"
"EMI","LID_105992",0,0,25.6,54.3,0,0,0,0,1,1,0,0,"2018-04-06","adult",11332551,"M",3596,117.9016393,9.852054795,4,2018,"HotDry","Dry","Hot",28.1,0,NA,2,1,NA,1,NA,2009-07-30,2011-01-30,3,"intestivirid","adult"
"ERC","LID_107886",0,0,0,0,0,0,0,0,0,0,0,0,"2018-04-02","adult",9587972,"M",4286,140.5245902,11.74246575,4,2018,"HotDry","Dry","Hot",21.8,0,NA,0,0,NA,1,NA,2006-07-08,2008-01-08,3,"no intestivirid","adult"
"FAB","LID_105946",0,0,0,0,0,0,0,0,0,0,0,0,"2018-04-06","adult",11211016,"M",4384,143.7377049,12.0109589,4,2018,"HotDry","Dry","Hot",28.1,0,NA,0,0,NA,1,NA,2006-04-05,2007-10-05,3,"no intestivirid","adult"
"IMP","LID_105956",0,0,17.3,0,0,0,0,0,1,0,0,0,"2018-07-10","adult",5292270,"M",4542,148.9180328,12.44383562,7,2018,"ColdWet","Wet","Cold",645,0,NA,1,1,NA,1,NA,2006-02-01,2007-08-01,3,"intestivirid","adult"
"JEM","LID_107882",0,0,0,0,20.8,43.1,0,0,0,0,1,1,"2018-07-04","infant",17378187,"M",1001,32.81967213,2.742465753,7,2018,"ColdWet","Wet","Cold",510,0,NA,2,1,NA,1,NA,2015-10-07,2017-04-07,2,"intestivirid","weaned"
"JEM","LID_108398",12.6,16.4,0,12.2,58.3,71.3,1,1,0,1,1,1,"2017-08-31","infant",17920238,"M",694,22.75409836,1.901369863,8,2017,"ColdWet","Wet","Cold",1299.8,0,NA,5,1,NA,1,NA,2015-10-07,2017-04-07,2,"intestivirid","weaned"
"JEM","LID_108417",0,19.4,0,0,0,14.4,0,1,0,0,0,1,"2016-01-28","infant",18173538,"M",113,3.704918033,0.309589041,1,2016,"ColdDry","Dry","Cold",232.4,0,NA,2,1,NA,0,NA,2015-10-07,2017-04-07,1,"intestivirid","unweaned"
"JEM","LID_108401",24.6,13,0,0,0,0,1,1,0,0,0,0,"2016-05-17","infant",20320899,"M",223,7.31147541,0.610958904,5,2016,"HotDry","Dry","Hot",293.5,1,"LID_105985",2,1,NA,0,NA,2015-10-07,2017-04-07,1,"intestivirid","unweaned"
"JEM","LID_105971",50.3,0,0,0,98.9,90.5,1,0,0,0,1,1,"2017-11-08","infant",11197868,"M",763,25.01639344,2.090410959,11,2017,"ColdDry","Dry","Cold",817.9,0,NA,3,1,NA,1,NA,2015-10-07,2017-04-07,2,"intestivirid","weaned"
"JEM","LID_106258",0,24.2,0,0,0,0,0,1,0,0,0,0,"2018-05-03","infant",10255092,"M",939,30.78688525,2.57260274,5,2018,"HotDry","Dry","Hot",63.1,0,NA,1,1,NA,1,NA,2015-10-07,2017-04-07,2,"intestivirid","weaned"
"JEM","LID_106276",0,0,0,0,0,0,0,0,0,0,0,0,"2016-03-24","infant",6200726,"M",169,5.540983607,0.463013699,3,2016,"HotDry","Dry","Hot",65.5,0,NA,0,0,NA,0,NA,2015-10-07,2017-04-07,1,"no intestivirid","unweaned"
"JEM","LID_106623",0,0,0,63.8,0,0,0,0,0,1,0,0,"2018-02-17","infant",14261692,"M",864,28.32786885,2.367123288,2,2018,"HotDry","Dry","Hot",0,0,NA,1,1,NA,1,NA,2015-10-07,2017-04-07,2,"intestivirid","weaned"
"JEM","LID_106610",0,0,14,0,54,76,0,0,1,0,1,1,"2018-10-03","infant",18340681,"M",1092,35.80327869,2.991780822,10,2018,"ColdDry","Dry","Cold",1081.4,0,NA,3,1,NA,1,NA,2015-10-07,2017-04-07,2,"intestivirid","weaned"
"JEM","LID_106627",0,0,0,0,0,0,0,0,0,0,0,0,"2016-07-13","infant",13747923,"M",280,9.180327869,0.767123288,7,2016,"ColdWet","Wet","Cold",831,1,"LID_106289",0,0,NA,0,NA,2015-10-07,2017-04-07,1,"no intestivirid","unweaned"
"JOO","LID_105985",12.5,11.5,0,16.2,19.8,10.6,1,1,0,1,1,1,"2016-05-17","adult",37427316,"F",4704,154.2295082,12.88767123,5,2016,"HotDry","Dry","Hot",293.5,1,"LID_108401",5,1,NA,1,NA,2003-07-01,2005-01-01,3,"intestivirid","adult"
"JOO","LID_108308",0,0,0,0,0,0,0,0,0,0,0,0,"2016-01-16","adult",6539391,"F",4582,150.2295082,12.55342466,1,2016,"ColdDry","Dry","Cold",246.7,0,NA,0,0,NA,1,NA,2003-07-01,2005-01-01,3,"no intestivirid","adult"
"JOO","LID_106289",0,0,0,0,42.5,0,0,0,0,0,1,0,"2016-07-13","adult",6099851,"F",4761,156.0983607,13.04383562,7,2016,"ColdWet","Wet","Cold",831,1,"LID_106627",1,1,NA,1,NA,2003-07-01,2005-01-01,3,"intestivirid","adult"
"LEN","LID_105951",0,0,0,0,21.4,12.4,0,0,0,0,1,1,"2018-07-13","adult",18373485,"M",4602,150.8852459,12.60821918,7,2018,"ColdWet","Wet","Cold",706,0,NA,2,1,NA,1,NA,2005-12-06,2007-06-06,3,"intestivirid","adult"
"LEN","LID_106593",0,0,0,0,0,0,0,0,0,0,0,0,"2018-04-03","adult",11914242,"M",4501,147.5737705,12.33150685,4,2018,"HotDry","Dry","Hot",24.8,0,NA,0,0,NA,1,NA,2005-12-06,2007-06-06,3,"no intestivirid","adult"
"MAD","LID_105991",0,0,0,0,0,0,0,0,0,0,0,0,"2018-04-10","adult",11533254,"F",4574,149.9672131,12.53150685,4,2018,"HotDry","Dry","Hot",28.1,1,"LID_106621",0,0,2007-01-11,1,2010-09-21,2005-10-01,2007-04-01,3,"no intestivirid","adult"
"MAD","LID_108410",12.7,25.1,16.8,36.1,0,24.1,1,1,1,1,0,1,"2017-10-05","adult",20060795,"F",4387,143.8360656,12.01917808,10,2017,"ColdDry","Dry","Cold",1083.1,1,"LID_108411",5,1,2007-01-11,1,2010-09-21,2005-10-01,2007-04-01,3,"intestivirid","adult"
"MAD","LID_106601",0,0,0,0,0,0,0,0,0,0,0,0,"2018-05-02","adult",7983814,"F",4596,150.6885246,12.59178082,5,2018,"HotDry","Dry","Hot",63.1,1,"LID_108431",0,0,2007-01-11,1,2010-09-21,2005-10-01,2007-04-01,3,"no intestivirid","adult"
"MAD","LID_105981",0,0,0,0,0,0,0,0,0,0,0,0,"2017-12-20","adult",9746483,"F",4463,146.3278689,12.22739726,12,2017,"ColdDry","Dry","Cold",311,1,"LID_105868",0,0,2007-01-11,1,2010-09-21,2005-10-01,2007-04-01,3,"no intestivirid","adult"
"MAR","LID_108412",13.8,0,11.1,18.5,0,78.9,1,0,1,1,0,1,"2017-10-05","adult",18624811,"F",7346,240.852459,20.1260274,10,2017,"ColdDry","Dry","Cold",1083.1,1,"LID_108415",4,1,NA,1,NA,1997-08-25,1999-02-25,3,"intestivirid","adult"
"MAR","LID_106595",0,0,0,0,0,0,0,0,0,0,0,0,"2018-02-01","adult",13612939,"F",7465,244.7540984,20.45205479,2,2018,"HotDry","Dry","Hot",27.2,1,"LID_105969",0,0,NA,1,NA,1997-08-25,1999-02-25,3,"no intestivirid","adult"
"MAR","LID_105974",0,11.8,0,0,76.6,92.5,0,1,0,0,1,1,"2017-12-06","adult",7873760,"F",7408,242.8852459,20.29589041,12,2017,"ColdDry","Dry","Cold",381.8,1,"LID_106009",3,1,NA,1,NA,1997-08-25,1999-02-25,3,"intestivirid","adult"
"MAR","LID_108286",0,0,0,0,0,0,0,0,0,0,0,0,"2017-08-12","adult",6421868,"F",7292,239.0819672,19.97808219,8,2017,"ColdWet","Wet","Cold",1158.4,1,"LID_106278",0,0,NA,1,NA,1997-08-25,1999-02-25,3,"no intestivirid","adult"
"MAR","LID_108416",0,0,0,13.4,0,13.4,0,0,0,1,0,1,"2018-02-01","adult",12630539,"F",7465,244.7540984,20.45205479,2,2018,"HotDry","Dry","Hot",27.2,1,"LID_105969",2,1,NA,1,NA,1997-08-25,1999-02-25,3,"intestivirid","adult"
"MCB","LID_106287",0,0,0,98.1,0,0,0,0,0,1,0,0,"2017-06-23","infant",7655439,"M",515,16.8852459,1.410958904,6,2017,"ColdWet","Wet","Cold",608.5,0,NA,1,1,2017-01-09,1,NA,2016-01-25,2017-07-25,2,"intestivirid","weaned"
"MCB","LID_105927",0,0,25.4,0,0,0,0,0,1,0,0,0,"2017-11-08","infant",5344264,"M",653,21.40983607,1.789041096,11,2017,"ColdDry","Dry","Cold",817.9,0,NA,1,1,2017-01-09,1,NA,2016-01-25,2017-07-25,2,"intestivirid","weaned"
"MCB","LID_105963",16.9,11,18.1,100,0,22.3,1,1,1,1,0,1,"2017-06-09","infant",48683628,"M",501,16.42622951,1.37260274,6,2017,"ColdWet","Wet","Cold",545,0,NA,5,1,2017-01-09,1,NA,2016-01-25,2017-07-25,2,"intestivirid","weaned"
"MCB","LID_108299",0,12.1,20,47.7,0,0,0,1,1,1,0,0,"2017-08-15","infant",12946011,"M",568,18.62295082,1.556164384,8,2017,"ColdWet","Wet","Cold",1134.8,0,NA,3,1,2017-01-09,1,NA,2016-01-25,2017-07-25,2,"intestivirid","weaned"
"MCB","LID_106629",22.8,0,0,0,0,0,1,0,0,0,0,0,"2016-05-18","infant",51353474,"M",114,3.737704918,0.312328767,5,2016,"HotDry","Dry","Hot",295.7,0,NA,1,1,2017-01-09,0,NA,2016-01-25,2017-07-25,1,"intestivirid","unweaned"
"MCB","LID_106012",0,0,0,0,0,0,0,0,0,0,0,0,"2017-12-21","infant",14797205,"M",696,22.81967213,1.906849315,12,2017,"ColdDry","Dry","Cold",306.7,0,NA,0,0,2017-01-09,1,NA,2016-01-25,2017-07-25,2,"no intestivirid","weaned"
"MCB","LID_106633",0,0,20.1,88,0,0,0,0,1,1,0,0,"2019-07-08","infant",43160593,"M",1260,41.31147541,3.452054795,7,2019,"ColdWet","Wet","Cold",658.17,0,NA,2,1,2017-01-09,1,NA,2016-01-25,2017-07-25,2,"intestivirid","weaned"
"MER","LID_107884",0,0,0,0,0,0,0,0,0,0,0,0,"2017-06-29","infant",8972456,"F",490,16.06557377,1.342465753,6,2017,"ColdWet","Wet","Cold",693.5,0,NA,0,0,2017-08-25,0,2020-06-18,2016-02-25,2017-08-25,1,"no intestivirid","unweaned"
"MER","LID_106013",97,0,0,0,0,0,1,0,0,0,0,0,"2018-01-03","infant",10117655,"F",678,22.2295082,1.857534247,1,2018,"ColdDry","Dry","Cold",273.2,0,NA,1,1,2017-08-25,1,2020-06-18,2016-02-25,2017-08-25,2,"intestivirid","weaned"
"MER","LID_108300",0,12.7,0,52.6,0,0,0,1,0,1,0,0,"2017-08-15","infant",11042926,"F",537,17.60655738,1.471232877,8,2017,"ColdWet","Wet","Cold",1134.8,0,NA,2,1,2017-08-25,0,2020-06-18,2016-02-25,2017-08-25,1,"intestivirid","unweaned"
"MER","LID_108420",20.9,12.9,0,13.6,10.2,27,1,1,0,1,1,1,"2018-04-17","infant",15426976,"F",782,25.63934426,2.142465753,4,2018,"HotDry","Dry","Hot",28.1,0,NA,5,1,2017-08-25,1,2020-06-18,2016-02-25,2017-08-25,2,"intestivirid","weaned"
"MER","LID_105931",0,0,0,0,0,10.9,0,0,0,0,0,1,"2017-11-17","infant",17079684,"F",631,20.68852459,1.728767123,11,2017,"ColdDry","Dry","Cold",660.1,0,NA,1,1,2017-08-25,1,2020-06-18,2016-02-25,2017-08-25,2,"intestivirid","weaned"
"MER","LID_106606",0,0,0,0,0,0,0,0,0,0,0,0,"2016-06-18","infant",77867650,"F",114,3.737704918,0.312328767,6,2016,"ColdWet","Wet","Cold",485.9,0,NA,0,0,2017-08-25,0,2020-06-18,2016-02-25,2017-08-25,1,"no intestivirid","unweaned"
"MER","LID_106286",10.1,10,15.8,61.8,53.4,65.4,1,1,1,1,1,1,"2018-09-17","infant",28653999,"F",935,30.6557377,2.561643836,9,2018,"ColdWet","Wet","Cold",1226,0,NA,6,1,2017-08-25,1,2020-06-18,2016-02-25,2017-08-25,2,"intestivirid","weaned"
"MER","LID_106626",0,93,0,0,0,0,0,1,0,0,0,0,"2019-10-09","infant",6057625,"F",1322,43.3442623,3.621917808,10,2019,"ColdDry","Dry","Cold",1023.45,0,NA,1,1,2017-08-25,1,2020-06-18,2016-02-25,2017-08-25,2,"intestivirid","weaned"
"MER","LID_105955",0,0,97.2,26.4,97.5,28.9,0,0,1,1,1,1,"2017-06-09","infant",14022296,"F",470,15.40983607,1.287671233,6,2017,"ColdWet","Wet","Cold",545,0,NA,4,1,2017-08-25,0,2020-06-18,2016-02-25,2017-08-25,1,"intestivirid","unweaned"
"MER","LID_107902",0,0,0,0,0,0,0,0,0,0,0,0,"2019-02-07","infant",10914828,"F",1078,35.3442623,2.953424658,2,2019,"HotDry","Dry","Hot",57.4,0,NA,0,0,2017-08-25,1,2020-06-18,2016-02-25,2017-08-25,2,"no intestivirid","weaned"
"MID","LID_106290",41.4,0,30.9,89.4,0,0,1,0,1,1,0,0,"2016-06-12","adult",5957286,"F",4969,162.9180328,13.61369863,6,2016,"ColdWet","Wet","Cold",415,1,"LID_106270",3,1,2004-05-04,1,2008-03-27,2002-11-04,2004-05-04,3,"intestivirid","adult"
"MID","LID_105986",0,69.8,0,0,0,0,0,1,0,0,0,0,"2016-04-11","adult",7532103,"F",4907,160.8852459,13.44383562,4,2016,"HotDry","Dry","Hot",64.4,1,"LID_106273",1,1,2004-05-04,1,2008-03-27,2002-11-04,2004-05-04,3,"intestivirid","adult"
"MID","LID_108309",0,0,14.2,82.8,0,0,0,0,1,1,0,0,"2016-02-03","adult",8631345,"F",4839,158.6557377,13.25753425,2,2016,"HotDry","Dry","Hot",205.3,1,"LID_108428",2,1,2004-05-04,1,2008-03-27,2002-11-04,2004-05-04,3,"intestivirid","adult"
"MOA","LID_108411",0,0,0,0,0,21.5,0,0,0,0,0,1,"2017-10-05","infant",18759297,"F",107,3.508196721,0.293150685,10,2017,"ColdDry","Dry","Cold",1083.1,1,"LID_108410",1,1,2018-05-05,0,NA,2017-06-20,2018-12-20,1,"intestivirid","unweaned"
"MOA","LID_108431",11,99.4,0,0,0,0,1,1,0,0,0,0,"2018-05-02","infant",5091315,"F",316,10.36065574,0.865753425,5,2018,"HotDry","Dry","Hot",63.1,1,"LID_106601",2,1,2018-05-05,0,NA,2017-06-20,2018-12-20,1,"intestivirid","unweaned"
"MOA","LID_106014",45.6,0,14.1,0,0,54.9,1,0,1,0,0,1,"2018-06-13","infant",14143015,"F",358,11.73770492,0.980821918,6,2018,"ColdWet","Wet","Cold",309.2,0,NA,3,1,2018-05-05,1,NA,2017-06-20,2018-12-20,2,"intestivirid","weaned"
"MOA","LID_105868",0,0,0,0,0,0,0,0,0,0,0,0,"2017-12-20","infant",13628392,"F",183,6,0.501369863,12,2017,"ColdDry","Dry","Cold",311,1,"LID_105981",0,0,2018-05-05,0,NA,2017-06-20,2018-12-20,1,"no intestivirid","unweaned"
"MOA","LID_106281",84.9,88.1,0,0,0,0,1,1,0,0,0,0,"2018-05-07","infant",8343406,"F",321,10.52459016,0.879452055,5,2018,"HotDry","Dry","Hot",63.1,0,NA,2,1,2018-05-05,1,NA,2017-06-20,2018-12-20,2,"intestivirid","weaned"
"MOA","LID_106621",41.2,0,0,0,0,0,1,0,0,0,0,0,"2018-04-10","infant",27084228,"F",294,9.639344262,0.805479452,4,2018,"HotDry","Dry","Hot",28.1,1,"LID_105991",1,1,2018-05-05,0,NA,2017-06-20,2018-12-20,1,"intestivirid","unweaned"
"MOA","LID_105934",27.9,0,0,0,0,0,1,0,0,0,0,0,"2018-08-09","infant",22342968,"F",415,13.60655738,1.136986301,8,2018,"ColdWet","Wet","Cold",985.9,0,NA,1,1,2018-05-05,1,NA,2017-06-20,2018-12-20,2,"intestivirid","weaned"
"MOA","LID_107889",0,0,17.1,30.7,0,0,0,0,1,1,0,0,"2020-02-12","infant",12182358,"F",967,31.70491803,2.649315068,2,2020,"HotDry","Dry","Hot",101.7,0,NA,2,1,2018-05-05,1,NA,2017-06-20,2018-12-20,2,"intestivirid","weaned"
"MOA","LID_106005",97.5,0,0,12,0,10.2,1,0,0,1,0,1,"2018-06-17","infant",9833927,"F",362,11.86885246,0.991780822,6,2018,"ColdWet","Wet","Cold",362.3,0,NA,3,1,2018-05-05,1,NA,2017-06-20,2018-12-20,2,"intestivirid","weaned"
"MOA","LID_106265",0,0,15.8,0,0,0,0,0,1,0,0,0,"2019-08-22","infant",10021453,"F",793,26,2.17260274,8,2019,"ColdWet","Wet","Cold",1162.47,0,NA,1,1,2018-05-05,1,NA,2017-06-20,2018-12-20,2,"intestivirid","weaned"
"MOY","LID_108397",0,0,0,0,0,0,0,0,0,0,0,0,"2017-08-12","infant",10876234,"F",629,20.62295082,1.723287671,8,2017,"ColdWet","Wet","Cold",1158.4,0,NA,0,0,2016-12-25,1,2021-08-23,2015-11-22,2017-05-22,2,"no intestivirid","weaned"
"MOY","LID_106599",0,0,0,16.8,0,0,0,0,0,1,0,0,"2018-04-16","infant",17269535,"F",876,28.72131148,2.4,4,2018,"HotDry","Dry","Hot",28.1,0,NA,1,1,2016-12-25,1,2021-08-23,2015-11-22,2017-05-22,2,"intestivirid","weaned"
"MOY","LID_105965",0,0,0,0,0,0,0,0,0,0,0,0,"2017-06-09","infant",15566425,"F",565,18.52459016,1.547945205,6,2017,"ColdWet","Wet","Cold",545,0,NA,0,0,2016-12-25,1,2021-08-23,2015-11-22,2017-05-22,2,"no intestivirid","weaned"
"MOY","LID_106273",0,0,0,0,0,0,0,0,0,0,0,0,"2016-04-11","infant",8820535,"F",141,4.62295082,0.38630137,4,2016,"HotDry","Dry","Hot",64.4,1,"LID_105986",0,0,2016-12-25,0,2021-08-23,2015-11-22,2017-05-22,1,"no intestivirid","unweaned"
"MOY","LID_106270",0,0,0,0,0,0,0,0,0,0,0,0,"2016-06-12","infant",13344526,"F",203,6.655737705,0.556164384,6,2016,"ColdWet","Wet","Cold",415,1,"LID_106290",0,0,2016-12-25,0,2021-08-23,2015-11-22,2017-05-22,1,"no intestivirid","unweaned"
"MOY","LID_106266",87,0,0,0,0,18.1,1,0,0,0,0,1,"2019-08-22","infant",27058945,"F",1369,44.8852459,3.750684932,8,2019,"ColdWet","Wet","Cold",1162.47,0,NA,2,1,2016-12-25,1,2021-08-23,2015-11-22,2017-05-22,2,"intestivirid","weaned"
"MOY","LID_108428",0,0,0,0,0,0,0,0,0,0,0,0,"2016-02-03","infant",10851953,"F",73,2.393442623,0.2,2,2016,"HotDry","Dry","Hot",205.3,1,"LID_108309",0,0,2016-12-25,0,2021-08-23,2015-11-22,2017-05-22,1,"no intestivirid","unweaned"
"MUD","LID_106293",0,0,0,70.6,0,0,0,0,0,1,0,0,"2018-10-04","infant",9329132,"F",610,20,1.671232877,10,2018,"ColdDry","Dry","Cold",1079.9,0,NA,1,1,NA,1,NA,2017-02-01,2018-08-01,2,"intestivirid","weaned"
"MUD","LID_106009",0,0,39.9,0,0,0,0,0,1,0,0,0,"2017-12-06","infant",13285935,"F",308,10.09836066,0.843835616,12,2017,"ColdDry","Dry","Cold",381.8,1,"LID_105974",1,1,NA,0,NA,2017-02-01,2018-08-01,1,"intestivirid","unweaned"
"MUD","LID_105969",0,100,0,0,0,0,0,1,0,0,0,0,"2018-02-01","infant",11210221,"F",365,11.96721311,1,2,2018,"HotDry","Dry","Hot",27.2,1,"LID_108416 or LID_106595",1,1,NA,0,NA,2017-02-01,2018-08-01,1,"intestivirid","unweaned"
"MUD","LID_108392",0,0,0,0,22,0,0,0,0,0,1,0,"2017-06-10","infant",11038336,"F",129,4.229508197,0.353424658,6,2017,"ColdWet","Wet","Cold",539.1,0,NA,1,1,NA,0,NA,2017-02-01,2018-08-01,1,"intestivirid","unweaned"
"MUD","LID_106278",0,0,0,0,0,0,0,0,0,0,0,0,"2017-08-12","infant",8905930,"F",192,6.295081967,0.526027397,8,2017,"ColdWet","Wet","Cold",1158.4,1,"LID_108286",0,0,NA,0,NA,2017-02-01,2018-08-01,1,"no intestivirid","unweaned"
"MUD","LID_106292",0,0,0,0,0,0,0,0,0,0,0,0,"2019-11-13","infant",9090773,"F",1015,33.27868852,2.780821918,11,2019,"ColdDry","Dry","Cold",734.0666667,0,NA,0,0,NA,1,NA,2017-02-01,2018-08-01,2,"no intestivirid","weaned"
"MUD","LID_107905",0,13.8,0,0,10.3,0,0,1,0,0,1,0,"2019-03-13","infant",57600699,"F",770,25.24590164,2.109589041,3,2019,"HotDry","Dry","Hot",7.5,0,NA,2,1,NA,1,NA,2017-02-01,2018-08-01,2,"intestivirid","weaned"
"MUD","LID_105869",0,98.1,0,0,0,0,0,1,0,0,0,0,"2018-04-10","infant",12506798,"F",433,14.19672131,1.18630137,4,2018,"HotDry","Dry","Hot",28.1,0,NA,1,1,NA,0,NA,2017-02-01,2018-08-01,1,"intestivirid","unweaned"
"MUD","LID_108415",0,11.7,30.1,0,41.7,39.4,0,1,1,0,1,1,"2017-10-05","infant",9910787,"F",246,8.06557377,0.673972603,10,2017,"ColdDry","Dry","Cold",1083.1,1,"LID_108412",4,1,NA,0,NA,2017-02-01,2018-08-01,1,"intestivirid","unweaned"
"MUD","LID_105976",0,0,81.2,18.7,0,87,0,0,1,1,0,1,"2018-07-12","infant",10240850,"F",526,17.24590164,1.44109589,7,2018,"ColdWet","Wet","Cold",697.5,0,NA,3,1,NA,0,NA,2017-02-01,2018-08-01,1,"intestivirid","unweaned"
"PAO","LID_105998",0,0,0,0,24.5,10,0,0,0,0,1,1,"2018-03-27","adult",10531404,"M",3909,128.1639344,10.70958904,3,2018,"HotDry","Dry","Hot",5.2,0,NA,2,1,NA,1,NA,2007-07-14,2009-01-14,3,"intestivirid","adult"
"PEE","LID_105980",0,15.3,17.1,11.6,0,100,0,1,1,1,0,1,"2018-08-14","adult",32170049,"M",3482,114.1639344,9.539726027,8,2018,"ColdWet","Wet","Cold",1037.4,0,NA,4,1,NA,1,NA,2009-01-31,2010-07-31,3,"intestivirid","adult"
"SEG","LID_106000",0,11.6,0,24.5,0,0,0,1,0,1,0,0,"2018-04-20","adult",22937279,"M",4994,163.7377049,13.68219178,4,2018,"HotDry","Dry","Hot",28.1,0,NA,2,1,NA,1,NA,2004-08-17,2006-02-17,3,"intestivirid","adult"
"SHW","LID_106280",0,60.9,0,0,12.3,24.6,0,1,0,0,1,1,"2018-05-10","adult",9033293,"M",3321,108.8852459,9.098630137,5,2018,"HotDry","Dry","Hot",97.6,0,NA,3,1,NA,1,NA,2009-04-06,2010-10-06,3,"intestivirid","adult"
"VEA","LID_106637",0,0,0,0,98.6,70.7,0,0,0,0,1,1,"2018-12-07","infant",28078107,"F",260,8.524590164,0.712328767,12,2018,"ColdDry","Dry","Cold",355.5,1,"LID_106594",2,1,NA,0,NA,2018-03-22,2019-09-22,1,"intestivirid","unweaned"
"VEA","LID_106615",0,0,0,0,0,0,0,0,0,0,0,0,"2018-09-13","infant",8895443,"F",175,5.737704918,0.479452055,9,2018,"ColdWet","Wet","Cold",1237.5,1,"LID_105949",0,0,NA,0,NA,2018-03-22,2019-09-22,1,"no intestivirid","unweaned"
"VEA","LID_107900",0,0,0,50.4,0,0,0,0,0,1,0,0,"2020-03-06","infant",6972832,"F",715,23.44262295,1.95890411,3,2020,"HotDry","Dry","Hot",10.4,0,NA,1,1,NA,1,NA,2018-03-22,2019-09-22,2,"intestivirid","weaned"
"VEA","LID_108406",11.3,10,0,0,0,0,1,1,0,0,0,0,"2018-04-07","infant",14193272,"F",16,0.524590164,0.043835616,4,2018,"HotDry","Dry","Hot",28.1,1,"LID_106638",2,1,NA,0,NA,2018-03-22,2019-09-22,1,"intestivirid","unweaned"
"VEA","LID_106616",0,0,19.8,0,52.9,26.6,0,0,1,0,1,1,"2019-08-24","infant",12873948,"F",520,17.04918033,1.424657534,8,2019,"ColdWet","Wet","Cold",1211.97,0,NA,3,1,NA,0,NA,2018-03-22,2019-09-22,1,"intestivirid","unweaned"
"VIE","LID_106594",0,21,0,18,0,0,0,1,0,1,0,0,"2018-12-07","adult",31497953,"F",4289,140.6229508,11.75068493,12,2018,"ColdDry","Dry","Cold",355.5,1,"LID_106637",2,1,2008-09-11,1,2011-07-03,2007-03-11,2008-09-11,3,"intestivirid","adult"
"VIE","LID_105949",0,0,0,10.7,0,0,0,0,0,1,0,0,"2018-09-13","adult",19990386,"F",4204,137.8360656,11.51780822,9,2018,"ColdWet","Wet","Cold",1237.5,1,"LID_106615",1,1,2008-09-11,1,2011-07-03,2007-03-11,2008-09-11,3,"intestivirid","adult"
"VIE","LID_105935",0,0,0,0,0,17.5,0,0,0,0,0,1,"2018-05-17","adult",16329325,"F",4085,133.9344262,11.19178082,5,2018,"HotDry","Dry","Hot",98.6,0,NA,1,1,2008-09-11,1,2011-07-03,2007-03-11,2008-09-11,3,"intestivirid","adult"
"VIE","LID_106638",0,0,0,0,0,0,0,0,0,0,0,0,"2018-04-07","adult",19522592,"F",4045,132.6229508,11.08219178,4,2018,"HotDry","Dry","Hot",28.1,1,"LID_108406",0,0,2008-09-11,1,2011-07-03,2007-03-11,2008-09-11,3,"no intestivirid","adult"
"VIE","LID_105947",0,0,0,18,0,0,0,0,0,1,0,0,"2019-01-07","adult",13314278,"F",4320,141.6393443,11.83561644,1,2019,"ColdDry","Dry","Cold",218.9,0,NA,1,1,2008-09-11,1,2011-07-03,2007-03-11,2008-09-11,3,"intestivirid","adult"
"VIQ","LID_106271",0,0,0,0,0,0,0,0,0,0,0,0,"2016-04-13","infant",6179166,"M",297,9.737704918,0.81369863,4,2016,"HotDry","Dry","Hot",64.9,1,"LID_106596",0,0,2016-07-16,0,NA,2015-06-21,2016-12-21,1,"no intestivirid","unweaned"
"VIQ","LID_105925",32,17,11,50.1,0,21.3,1,1,1,1,0,1,"2018-03-02","infant",11936253,"M",985,32.29508197,2.698630137,3,2018,"HotDry","Dry","Hot",2.2,0,NA,5,1,2016-07-16,1,NA,2015-06-21,2016-12-21,2,"intestivirid","weaned"
"VIQ","LID_105928",17,15.8,0,15.6,21.1,21.4,1,1,0,1,1,1,"2018-06-02","infant",30306549,"M",1077,35.31147541,2.950684932,6,2018,"ColdWet","Wet","Cold",235.1,0,NA,5,1,2016-07-16,1,NA,2015-06-21,2016-12-21,2,"intestivirid","weaned"
"VIQ","LID_108429",0,0,0,0,0,0,0,0,0,0,0,0,"2016-02-13","infant",11513513,"M",237,7.770491803,0.649315068,2,2016,"HotDry","Dry","Hot",83.2,1,"LID_108289",0,0,2016-07-16,0,NA,2015-06-21,2016-12-21,1,"no intestivirid","unweaned"
"VIQ","LID_108427",0,0,0,0,0,0,0,0,0,0,0,0,"2015-10-29","infant",9897528,"M",130,4.262295082,0.356164384,10,2015,"ColdDry","Dry","Cold",623.5,0,NA,0,0,2016-07-16,0,NA,2015-06-21,2016-12-21,1,"no intestivirid","unweaned"
"VIQ","LID_105977",0,0,0,0,0,0,0,0,0,0,0,0,"2017-11-25","infant",6571594,"M",888,29.1147541,2.432876712,11,2017,"ColdDry","Dry","Cold",510.3,0,NA,0,0,2016-07-16,1,NA,2015-06-21,2016-12-21,2,"no intestivirid","weaned"
"VIQ","LID_105957",0,0,0,0,0,0,0,0,0,0,0,0,"2017-06-10","infant",8139411,"M",720,23.60655738,1.97260274,6,2017,"ColdWet","Wet","Cold",539.1,0,NA,0,0,2016-07-16,1,NA,2015-06-21,2016-12-21,2,"no intestivirid","weaned"
"VIQ","LID_106613",92.8,0,0,0,0,0,1,0,0,0,0,0,"2016-07-01","infant",8704431,"M",376,12.32786885,1.030136986,7,2016,"ColdWet","Wet","Cold",656,0,NA,1,1,2016-07-16,0,NA,2015-06-21,2016-12-21,1,"intestivirid","unweaned"
"VIQ","LID_108302",70.8,11.6,0,0,0,0,1,1,0,0,0,0,"2017-08-21","infant",9270058,"M",792,25.96721311,2.169863014,8,2017,"ColdWet","Wet","Cold",1153,0,NA,2,1,2016-07-16,1,NA,2015-06-21,2016-12-21,2,"intestivirid","weaned"
"VIQ","LID_106619",0,0,0,0,0,0,0,0,0,0,0,0,"2019-01-09","infant",7269310,"M",1298,42.55737705,3.556164384,1,2019,"ColdDry","Dry","Cold",161.9,0,NA,0,0,2016-07-16,1,NA,2015-06-21,2016-12-21,2,"no intestivirid","weaned"
"VIX","LID_106596",0,0,0,0,0,0,0,0,0,0,0,0,"2016-04-13","adult",23839797,"F",3056,100.1967213,8.37260274,4,2016,"HotDry","Dry","Hot",64.9,1,"LID_106271",0,0,2009-06-01,1,2012-09-15,2007-12-01,2009-06-01,3,"no intestivirid","adult"
"VIX","LID_108289",0,0,0,0,0,24.2,0,0,0,0,0,1,"2016-02-13","adult",11009520,"F",2996,98.2295082,8.208219178,2,2016,"HotDry","Dry","Hot",83.2,1,"LID_108429",1,1,2009-06-01,1,2012-09-15,2007-12-01,2009-06-01,3,"intestivirid","adult"
"VOL","LID_106264",0,0,0,0,0,0,0,0,0,0,0,0,"2019-11-26","infant",13104713,"M",690,22.62295082,1.890410959,11,2019,"ColdDry","Dry","Cold",654.5666667,0,NA,0,0,NA,1,NA,2018-01-05,2019-07-05,2,"no intestivirid","weaned"
"VOL","LID_105987",0,0,45.8,12.6,0,0,0,0,1,1,0,0,"2018-11-07","infant",9855617,"M",306,10.03278689,0.838356164,11,2018,"ColdDry","Dry","Cold",737.5,1,"LID_105973",2,1,NA,0,NA,2018-01-05,2019-07-05,1,"intestivirid","unweaned"
"VOL","LID_108426",0,0,0,0,0,0,0,0,0,0,0,0,"2018-01-26","infant",1880098,"M",21,0.68852459,0.057534247,1,2018,"ColdDry","Dry","Cold",27.6,1,"LID_106008",0,0,NA,0,NA,2018-01-05,2019-07-05,1,"no intestivirid","unweaned"
"VOL","LID_106630",0,0,0,0,0,0,0,0,0,0,0,0,"2018-02-19","infant",14981508,"M",45,1.475409836,0.123287671,2,2018,"HotDry","Dry","Hot",2.2,1,"LID_105983",0,0,NA,0,NA,2018-01-05,2019-07-05,1,"no intestivirid","unweaned"
"VOL","LID_106625",0,0,0,11.5,100,26.9,0,0,0,1,1,1,"2018-09-12","infant",27583004,"M",250,8.196721311,0.684931507,9,2018,"ColdWet","Wet","Cold",1200.5,1,"LID_105995",3,1,NA,0,NA,2018-01-05,2019-07-05,1,"intestivirid","unweaned"
"VOL","LID_107894",0,13.6,0,0,0,0,0,1,0,0,0,0,"2019-06-07","infant",9522714,"M",518,16.98360656,1.419178082,6,2019,"ColdWet","Wet","Cold",284.9,0,NA,1,1,NA,0,NA,2018-01-05,2019-07-05,1,"intestivirid","unweaned"
"VOL","LID_107880",14.1,0,0,0,0,0,1,0,0,0,0,0,"2019-02-08","infant",10559432,"M",399,13.08196721,1.093150685,2,2019,"HotDry","Dry","Hot",54.4,0,NA,1,1,NA,0,NA,2018-01-05,2019-07-05,1,"intestivirid","unweaned"
"VOL","LID_105975",0,0,0,0,0,0,0,0,0,0,0,0,"2018-07-14","infant",8929858,"M",190,6.229508197,0.520547945,7,2018,"ColdWet","Wet","Cold",715,1,"LID_105954",0,0,NA,0,NA,2018-01-05,2019-07-05,1,"no intestivirid","unweaned"
"VOL","LID_107888",0,0,0,0,0,0,0,0,0,0,0,0,"2020-03-12","infant",11245728,"M",797,26.13114754,2.183561644,3,2020,"HotDry","Dry","Hot",9.5,0,NA,0,0,NA,1,NA,2018-01-05,2019-07-05,2,"no intestivirid","weaned"
"VYE","LID_105995",0,0,0,0,0,0,0,0,0,0,0,0,"2018-09-12","adult",570050,"F",7163,234.852459,19.62465753,9,2018,"ColdWet","Wet","Cold",1200.5,1,"LID_106625",0,0,NA,1,NA,1999-02-01,2000-08-01,3,"no intestivirid","adult"
"VYE","LID_106008",0,0,0,0,0,0,0,0,0,0,0,0,"2018-01-26","adult",10959261,"F",6934,227.3442623,18.99726027,1,2018,"ColdDry","Dry","Cold",27.6,1,"LID_108426",0,0,NA,1,NA,1999-02-01,2000-08-01,3,"no intestivirid","adult"
"VYE","LID_105983",0,0,0,36.1,0,0,0,0,0,1,0,0,"2018-02-19","adult",6415263,"F",6958,228.1311475,19.0630137,2,2018,"HotDry","Dry","Hot",2.2,1,"LID_106630",1,1,NA,1,NA,1999-02-01,2000-08-01,3,"intestivirid","adult"
"VYE","LID_106592",13,0,0,0,0,0,1,0,0,0,0,0,"2018-04-11","adult",8577190,"F",7009,229.8032787,19.20273973,4,2018,"HotDry","Dry","Hot",28.1,0,NA,1,1,NA,1,NA,1999-02-01,2000-08-01,3,"intestivirid","adult"
"VYE","LID_105973",43,0,0,0,0,18.9,1,0,0,0,0,1,"2018-11-07","adult",8471903,"F",7219,236.6885246,19.77808219,11,2018,"ColdDry","Dry","Cold",737.5,1,"LID_105987",2,1,NA,1,NA,1999-02-01,2000-08-01,3,"intestivirid","adult"
"VYE","LID_105954",0,0,0,27.7,11.8,10.5,0,0,0,1,1,1,"2018-07-14","adult",6880676,"F",7103,232.8852459,19.46027397,7,2018,"ColdWet","Wet","Cold",715,1,"LID_105975",3,1,NA,1,NA,1999-02-01,2000-08-01,3,"intestivirid","adult"
"WAK","LID_105997",0,0,34.8,29.1,0,16.1,0,0,1,1,0,1,"2018-08-07","adult",11643776,"M",4763,156.1639344,13.04931507,8,2018,"ColdWet","Wet","Cold",978.4,0,NA,3,1,NA,1,NA,2005-07-23,2007-01-23,3,"intestivirid","adult"
